{
  "resources": [
    "combined_audio.ogg",
    "combined_audio.m4a",
    "combined_audio.mp3",
    "combined_audio.ac3"
  ],
  "spritemap": {
    "open-husuma": {
      "start": 0,
      "end": 1.1755102040816328,
      "loop": false
    },
    "close-husuma": {
      "start": 3,
      "end": 4.4367346938775505,
      "loop": false
    },
    "kasoruidou": {
      "start": 6,
      "end": 6.313469387755102,
      "loop": false
    },
    "kettei": {
      "start": 8,
      "end": 11.349433106575963,
      "loop": false
    },
    "set": {
      "start": 13,
      "end": 14.013378684807256,
      "loop": false
    },
    "click": {
      "start": 16,
      "end": 16.812879818594105,
      "loop": false
    },
    "can'ttouch": {
      "start": 18,
      "end": 19.010680272108843,
      "loop": false
    },
    "dog": {
      "start": 21,
      "end": 21.56907029478458,
      "loop": false
    },
    "monkey1": {
      "start": 23,
      "end": 23.8,
      "loop": false
    },
    "pheasant1": {
      "start": 25,
      "end": 26.2,
      "loop": false
    },
    "enemy-death": {
      "start": 28,
      "end": 29.2,
      "loop": false
    },
    "receivedamage": {
      "start": 31,
      "end": 32.04489795918367,
      "loop": false
    },
    "lawhp": {
      "start": 34,
      "end": 35.11764172335601,
      "loop": false
    },
    "levelup": {
      "start": 37,
      "end": 38.95918367346939,
      "loop": false
    },
    "bossSE": {
      "start": 40,
      "end": 43.684784580498864,
      "loop": false
    },
    "teki-syutugen": {
      "start": 45,
      "end": 46.492063492063494,
      "loop": false
    },
    "onivoice": {
      "start": 48,
      "end": 49.32,
      "loop": false
    },
    "baiku1": {
      "start": 51,
      "end": 53.99208616780045,
      "loop": false
    },
    "taihou": {
      "start": 55,
      "end": 57.63836734693878,
      "loop": false
    },
    "Thunder": {
      "start": 59,
      "end": 60.7424716553288,
      "loop": false
    },
    "Wind": {
      "start": 62,
      "end": 64.88759637188208,
      "loop": false
    },
    "warp": {
      "start": 66,
      "end": 68.08979591836734,
      "loop": false
    },
    "syoukan-syutugen": {
      "start": 70,
      "end": 72.32489795918367,
      "loop": false
    },
    "gameclear": {
      "start": 74,
      "end": 77.54224489795918,
      "loop": false
    },
    "gameover": {
      "start": 79,
      "end": 80.66666666666667,
      "loop": false
    }
  }
}